{"stats":{"minecraft:killed_by":{"minecraft:zombie":2,"minecraft:player":5},"minecraft:killed":{"minecraft:zombie":1},"minecraft:used":{"minecraft:rotten_flesh":1,"minecraft:wooden_axe":18,"minecraft:crafting_table":1,"minecraft:white_bed":1},"minecraft:mined":{"minecraft:short_grass":2,"minecraft:grass_block":3,"minecraft:oak_log":8,"minecraft:dirt":1,"minecraft:tall_grass":3,"minecraft:crafting_table":1},"minecraft:picked_up":{"minecraft:crafting_table":1,"minecraft:rotten_flesh":1,"minecraft:wheat_seeds":1,"minecraft:oak_log":7,"minecraft:white_bed":1,"minecraft:dirt":4},"minecraft:custom":{"minecraft:time_since_rest":25321,"minecraft:damage_taken":2948,"minecraft:crouch_one_cm":116,"minecraft:sprint_one_cm":42826,"minecraft:play_time":49415,"minecraft:walk_one_cm":37520,"minecraft:deaths":11,"minecraft:sneak_time":36,"minecraft:mob_kills":2,"minecraft:jump":329,"minecraft:damage_dealt":700,"minecraft:leave_game":4,"minecraft:walk_on_water_one_cm":274,"minecraft:time_since_death":25295,"minecraft:total_world_time":49415,"minecraft:interact_with_crafting_table":1,"minecraft:fall_one_cm":28033,"minecraft:fly_one_cm":75400},"minecraft:crafted":{"minecraft:oak_planks":24,"minecraft:crafting_table":1,"minecraft:stick":4,"minecraft:wooden_pickaxe":1,"minecraft:wooden_axe":1}},"DataVersion":3953}