{"stats":{"minecraft:used":{"minecraft:leather_leggings":1,"minecraft:crafting_table":1,"minecraft:oak_planks":4,"minecraft:leather_helmet":1,"minecraft:leather_chestplate":1,"minecraft:leather_boots":1},"minecraft:mined":{"minecraft:short_grass":2,"minecraft:grass_block":4,"minecraft:oak_log":4,"minecraft:dirt":3,"minecraft:oak_leaves":9},"minecraft:picked_up":{"minecraft:leather_boots":1,"minecraft:leather_chestplate":1,"minecraft:leather_leggings":1,"minecraft:wheat_seeds":1,"minecraft:oak_log":4,"minecraft:leather_helmet":1},"minecraft:custom":{"minecraft:time_since_rest":5943,"minecraft:crouch_one_cm":1408,"minecraft:play_time":5943,"minecraft:sprint_one_cm":9988,"minecraft:damage_taken":30,"minecraft:walk_one_cm":18922,"minecraft:sneak_time":458,"minecraft:jump":67,"minecraft:damage_dealt":10,"minecraft:leave_game":2,"minecraft:time_since_death":5943,"minecraft:total_world_time":5943,"minecraft:interact_with_crafting_table":1,"minecraft:fall_one_cm":3542,"minecraft:fly_one_cm":13897},"minecraft:crafted":{"minecraft:oak_planks":16,"minecraft:crafting_table":2,"minecraft:stick":4}},"DataVersion":3953}