{"stats":{"minecraft:used":{"minecraft:stone_axe":1,"minecraft:crafting_table":1,"minecraft:stone_pickaxe":4,"minecraft:oak_planks":1,"minecraft:wooden_shovel":5},"minecraft:mined":{"minecraft:grass_block":1,"minecraft:oak_log":3,"minecraft:dirt":7,"minecraft:stone":4,"minecraft:oak_planks":1},"minecraft:picked_up":{"minecraft:leather_chestplate":2,"minecraft:leather_boots":2,"minecraft:rotten_flesh":1,"minecraft:leather_leggings":2,"minecraft:stone_axe":1,"minecraft:stone_pickaxe":1,"minecraft:oak_log":3,"minecraft:oak_planks":1,"minecraft:leather_helmet":2},"minecraft:custom":{"minecraft:time_since_rest":6281,"minecraft:crouch_one_cm":457,"minecraft:play_time":6281,"minecraft:sprint_one_cm":22118,"minecraft:damage_taken":30,"minecraft:walk_one_cm":20216,"minecraft:sneak_time":240,"minecraft:drop":5,"minecraft:jump":88,"minecraft:leave_game":2,"minecraft:time_since_death":6281,"minecraft:total_world_time":6281,"minecraft:interact_with_crafting_table":1,"minecraft:fall_one_cm":3248,"minecraft:fly_one_cm":16626},"minecraft:crafted":{"minecraft:oak_planks":12,"minecraft:wooden_shovel":1,"minecraft:crafting_table":1,"minecraft:stick":4},"minecraft:dropped":{"minecraft:rotten_flesh":1,"minecraft:leather_leggings":1,"minecraft:leather_chestplate":1,"minecraft:leather_helmet":1,"minecraft:leather_boots":1}},"DataVersion":3953}