{"stats":{"minecraft:broken":{"minecraft:leather_chestplate":1,"minecraft:leather_helmet":1,"minecraft:leather_boots":1,"minecraft:leather_leggings":1},"minecraft:used":{"minecraft:leather_helmet":1,"minecraft:leather_chestplate":1,"minecraft:leather_leggings":1,"minecraft:cooked_beef":1,"minecraft:leather_boots":1},"minecraft:killed_by":{"minecraft:player":10},"minecraft:custom":{"minecraft:jump":156,"minecraft:time_since_rest":6690,"minecraft:damage_taken":6153,"minecraft:play_time":48635,"minecraft:leave_game":2,"minecraft:sprint_one_cm":11606,"minecraft:walk_one_cm":14761,"minecraft:time_since_death":6657,"minecraft:deaths":11,"minecraft:total_world_time":48635,"minecraft:fall_one_cm":2916,"minecraft:fly_one_cm":8739}},"DataVersion":3953}