{"stats":{"minecraft:broken":{"minecraft:leather_chestplate":1,"minecraft:leather_helmet":1,"minecraft:leather_boots":1,"minecraft:leather_leggings":1},"minecraft:used":{"minecraft:leather_helmet":1,"minecraft:leather_chestplate":1,"minecraft:leather_leggings":1,"minecraft:leather_boots":1},"minecraft:killed_by":{"minecraft:player":9},"minecraft:custom":{"minecraft:jump":93,"minecraft:time_since_rest":13145,"minecraft:damage_taken":5728,"minecraft:play_time":24635,"minecraft:leave_game":2,"minecraft:sprint_one_cm":6738,"minecraft:walk_one_cm":9943,"minecraft:time_since_death":10152,"minecraft:deaths":9,"minecraft:total_world_time":24635,"minecraft:fall_one_cm":749,"minecraft:fly_one_cm":5722}},"DataVersion":3953}