{"stats":{"minecraft:picked_up":{"minecraft:netherite_sword":1},"minecraft:broken":{"minecraft:leather_chestplate":1,"minecraft:leather_helmet":1,"minecraft:leather_boots":1,"minecraft:leather_leggings":1},"minecraft:used":{"minecraft:leather_helmet":1,"minecraft:leather_chestplate":1,"minecraft:leather_leggings":1,"minecraft:cooked_beef":2,"minecraft:leather_boots":1},"minecraft:killed_by":{"minecraft:player":10},"minecraft:custom":{"minecraft:jump":199,"minecraft:time_since_rest":22824,"minecraft:damage_taken":6193,"minecraft:play_time":64769,"minecraft:leave_game":3,"minecraft:sprint_one_cm":24559,"minecraft:walk_one_cm":25245,"minecraft:time_since_death":22791,"minecraft:deaths":11,"minecraft:total_world_time":64769,"minecraft:fall_one_cm":3802,"minecraft:fly_one_cm":18174}},"DataVersion":3953}