{"stats":{"minecraft:broken":{"minecraft:leather_chestplate":1,"minecraft:leather_helmet":1,"minecraft:leather_boots":1,"minecraft:leather_leggings":1},"minecraft:used":{"minecraft:leather_helmet":1,"minecraft:leather_chestplate":1,"minecraft:leather_leggings":1,"minecraft:leather_boots":1},"minecraft:killed_by":{"minecraft:player":10},"minecraft:custom":{"minecraft:jump":117,"minecraft:time_since_rest":7967,"minecraft:damage_taken":6115,"minecraft:play_time":36635,"minecraft:leave_game":2,"minecraft:sprint_one_cm":8013,"minecraft:walk_one_cm":12488,"minecraft:time_since_death":7915,"minecraft:deaths":10,"minecraft:total_world_time":36635,"minecraft:fall_one_cm":2916,"minecraft:fly_one_cm":6894}},"DataVersion":3953}