{"stats":{"minecraft:broken":{"minecraft:leather_chestplate":1,"minecraft:leather_helmet":1,"minecraft:leather_boots":1,"minecraft:leather_leggings":1},"minecraft:used":{"minecraft:leather_helmet":1,"minecraft:leather_chestplate":1,"minecraft:leather_leggings":1,"minecraft:cooked_beef":2,"minecraft:leather_boots":1},"minecraft:killed_by":{"minecraft:player":10},"minecraft:custom":{"minecraft:jump":175,"minecraft:time_since_rest":18690,"minecraft:damage_taken":6193,"minecraft:play_time":60635,"minecraft:leave_game":2,"minecraft:sprint_one_cm":18377,"minecraft:walk_one_cm":22900,"minecraft:time_since_death":18657,"minecraft:deaths":11,"minecraft:total_world_time":60635,"minecraft:fall_one_cm":3802,"minecraft:fly_one_cm":12625}},"DataVersion":3953}