{"stats":{"minecraft:used":{"minecraft:diorite":3,"minecraft:cobblestone":7,"minecraft:crafting_table":1,"minecraft:stone_pickaxe":3,"minecraft:oak_planks":7,"minecraft:wooden_pickaxe":10},"minecraft:custom":{"minecraft:time_since_rest":6276,"minecraft:play_time":6276,"minecraft:sprint_one_cm":3177,"minecraft:damage_taken":70,"minecraft:walk_one_cm":9959,"minecraft:jump":72,"minecraft:leave_game":1,"minecraft:time_since_death":6276,"minecraft:total_world_time":6276,"minecraft:interact_with_crafting_table":2,"minecraft:fall_one_cm":3901,"minecraft:fly_one_cm":687},"minecraft:crafted":{"minecraft:oak_planks":16,"minecraft:crafting_table":1,"minecraft:stick":4,"minecraft:wooden_pickaxe":1,"minecraft:stone_pickaxe":1},"minecraft:picked_up":{"minecraft:oak_log":4,"minecraft:diorite":3,"minecraft:cobblestone":10},"minecraft:mined":{"minecraft:oak_log":4,"minecraft:stone":10,"minecraft:diorite":3}},"DataVersion":3953}