{"stats":{"minecraft:killed_by":{"minecraft:player":3,"minecraft:skeleton":1},"minecraft:picked_up":{"minecraft:iron_ingot":1},"minecraft:killed":{"minecraft:spider":1,"minecraft:zombie":1},"minecraft:used":{"minecraft:cooked_beef":3,"minecraft:iron_axe":8},"minecraft:custom":{"minecraft:jump":175,"minecraft:time_since_rest":4787,"minecraft:damage_dealt":847,"minecraft:damage_taken":1304,"minecraft:play_time":18489,"minecraft:leave_game":2,"minecraft:sprint_one_cm":30641,"minecraft:walk_one_cm":21704,"minecraft:time_since_death":2968,"minecraft:deaths":4,"minecraft:total_world_time":18489,"minecraft:mob_kills":2,"minecraft:fall_one_cm":5627,"minecraft:fly_one_cm":41896}},"DataVersion":3953}