{"stats":{"minecraft:picked_up":{"minecraft:bone":6,"minecraft:arrow":10,"minecraft:oak_log":1},"minecraft:crafted":{"minecraft:oak_planks":4},"minecraft:used":{"minecraft:leather_leggings":1,"minecraft:iron_axe":35,"minecraft:leather_chestplate":1,"minecraft:iron_helmet":1,"minecraft:shield":22,"minecraft:cooked_beef":3,"minecraft:iron_boots":1},"minecraft:custom":{"minecraft:time_since_rest":3990,"minecraft:play_time":3990,"minecraft:sprint_one_cm":18519,"minecraft:damage_taken":187,"minecraft:walk_one_cm":14720,"minecraft:sneak_time":6,"minecraft:damage_blocked_by_shield":1398,"minecraft:mob_kills":8,"minecraft:jump":122,"minecraft:damage_dealt":2735,"minecraft:leave_game":1,"minecraft:time_since_death":3990,"minecraft:total_world_time":3990,"minecraft:interact_with_crafting_table":1,"minecraft:fall_one_cm":2931,"minecraft:fly_one_cm":25699},"minecraft:killed":{"minecraft:skeleton":4,"minecraft:zombie":2,"minecraft:creeper":2},"minecraft:mined":{"minecraft:short_grass":6,"minecraft:oak_log":1,"minecraft:tall_grass":1}},"DataVersion":3953}