{"stats":{"minecraft:killed_by":{"minecraft:piglin":1,"minecraft:creeper":1,"minecraft:zombie":1},"minecraft:killed":{"minecraft:pig":3,"minecraft:sheep":3,"minecraft:zombie":1},"minecraft:used":{"minecraft:water_bucket":2,"minecraft:birch_planks":1,"minecraft:stone_pickaxe":27,"minecraft:shield":4,"minecraft:wooden_pickaxe":14,"minecraft:birch_boat":1,"minecraft:netherrack":1,"minecraft:dirt":1,"minecraft:mutton":6,"minecraft:crafting_table":2,"minecraft:obsidian":4,"minecraft:lava_bucket":10,"minecraft:iron_axe":40,"minecraft:melon_slice":15,"minecraft:iron_pickaxe":22,"minecraft:stone_brick_stairs":1,"minecraft:stone_axe":2,"minecraft:fire_charge":1,"minecraft:cobblestone":9,"minecraft:furnace":1,"minecraft:porkchop":5,"minecraft:bucket":13},"minecraft:mined":{"minecraft:stone_brick_slab":1,"minecraft:crafting_table":2,"minecraft:short_grass":3,"minecraft:grass_block":1,"minecraft:melon":14,"minecraft:stone_slab":1,"minecraft:cobblestone":1,"minecraft:birch_planks":1,"minecraft:magma_block":1,"minecraft:furnace":1,"minecraft:birch_log":13,"minecraft:iron_ore":12,"minecraft:birch_leaves":1,"minecraft:stone_brick_stairs":1,"minecraft:coal_ore":8,"minecraft:gravel":1,"minecraft:stone":18,"minecraft:stone_bricks":3,"minecraft:netherrack":10,"minecraft:mossy_stone_bricks":1,"minecraft:oak_leaves":3},"minecraft:picked_up":{"minecraft:birch_log":13,"minecraft:crafting_table":2,"minecraft:magma_block":5,"minecraft:stone_slab":3,"minecraft:wooden_pickaxe":2,"minecraft:birch_planks":53,"minecraft:flint":4,"minecraft:stone_brick_stairs":3,"minecraft:shield":2,"minecraft:dirt":19,"minecraft:iron_axe":2,"minecraft:stone_bricks":9,"minecraft:wheat_seeds":2,"minecraft:iron_ingot":4,"minecraft:mossy_stone_bricks":3,"minecraft:iron_pickaxe":2,"minecraft:melon_slice":201,"minecraft:birch_sapling":2,"minecraft:furnace":3,"minecraft:stick":12,"minecraft:raw_iron":12,"minecraft:birch_boat":3,"minecraft:stone_brick_slab":3,"minecraft:fire_charge":2,"minecraft:lava_bucket":2,"minecraft:gravel":3,"minecraft:porkchop":10,"minecraft:rotten_flesh":5,"minecraft:stone_axe":2,"minecraft:obsidian":8,"minecraft:netherrack":18,"minecraft:mutton":9,"minecraft:coal":26,"minecraft:white_wool":9,"minecraft:cobblestone":23},"minecraft:custom":{"minecraft:interact_with_furnace":7,"minecraft:mob_kills":7,"minecraft:interact_with_crafting_table":9,"minecraft:leave_game":4,"minecraft:time_since_death":35,"minecraft:climb_one_cm":3020,"minecraft:time_since_rest":60,"minecraft:sprint_one_cm":100343,"minecraft:damage_taken":984,"minecraft:walk_one_cm":68706,"minecraft:damage_blocked_by_shield":323,"minecraft:drop":2,"minecraft:damage_dealt":1373,"minecraft:swim_one_cm":5902,"minecraft:fly_one_cm":186751,"minecraft:open_chest":2,"minecraft:crouch_one_cm":372,"minecraft:play_time":32851,"minecraft:deaths":3,"minecraft:sneak_time":2051,"minecraft:walk_under_water_one_cm":2254,"minecraft:boat_one_cm":14391,"minecraft:jump":843,"minecraft:walk_on_water_one_cm":1734,"minecraft:total_world_time":32851,"minecraft:fall_one_cm":25856},"minecraft:crafted":{"minecraft:crafting_table":1,"minecraft:wooden_pickaxe":1,"minecraft:birch_boat":1,"minecraft:furnace":1,"minecraft:bucket":1,"minecraft:birch_planks":52,"minecraft:stone_axe":1,"minecraft:air":0,"minecraft:shield":1,"minecraft:iron_axe":1,"minecraft:stick":16,"minecraft:iron_ingot":12,"minecraft:iron_pickaxe":1,"minecraft:stone_pickaxe":1},"minecraft:dropped":{"minecraft:birch_sapling":2}},"DataVersion":3953}