{"stats":{"minecraft:custom":{"minecraft:jump":85,"minecraft:time_since_rest":3097,"minecraft:damage_taken":1710,"minecraft:leave_game":3,"minecraft:crouch_one_cm":790,"minecraft:sprint_one_cm":6103,"minecraft:play_time":3673,"minecraft:walk_one_cm":2225,"minecraft:time_since_death":3072,"minecraft:deaths":1,"minecraft:sneak_time":172,"minecraft:total_world_time":3673,"minecraft:climb_one_cm":458,"minecraft:fall_one_cm":21062,"minecraft:fly_one_cm":22915},"minecraft:picked_up":{"minecraft:torch":4},"minecraft:mined":{"minecraft:acacia_log":1,"minecraft:black_stained_glass_pane":1,"minecraft:torch":4}},"DataVersion":3953}