{"stats":{"minecraft:custom":{"minecraft:time_since_rest":187,"minecraft:interact_with_furnace":3,"minecraft:sprint_one_cm":131475,"minecraft:damage_taken":2475,"minecraft:walk_one_cm":69559,"minecraft:mob_kills":13,"minecraft:damage_dealt":1729,"minecraft:swim_one_cm":5869,"minecraft:interact_with_crafting_table":6,"minecraft:fly_one_cm":278324,"minecraft:play_time":37854,"minecraft:deaths":3,"minecraft:sneak_time":69,"minecraft:walk_under_water_one_cm":1191,"minecraft:jump":1073,"minecraft:leave_game":1,"minecraft:walk_on_water_one_cm":5646,"minecraft:time_since_death":156,"minecraft:total_world_time":37854,"minecraft:climb_one_cm":1176,"minecraft:fall_one_cm":50646},"minecraft:killed":{"minecraft:sheep":3,"minecraft:zombie":3,"minecraft:pig":7},"minecraft:used":{"minecraft:cooked_mutton":5,"minecraft:stone_pickaxe":52,"minecraft:wooden_pickaxe":37,"minecraft:rotten_flesh":4,"minecraft:stone_axe":68,"minecraft:dirt":4,"minecraft:cobblestone":8,"minecraft:crafting_table":3,"minecraft:cooked_porkchop":2,"minecraft:furnace":1,"minecraft:porkchop":1},"minecraft:killed_by":{"minecraft:skeleton":2},"minecraft:crafted":{"minecraft:oak_planks":32,"minecraft:cooked_porkchop":2,"minecraft:crafting_table":2,"minecraft:stick":24,"minecraft:wooden_pickaxe":2,"minecraft:stone_pickaxe":2,"minecraft:furnace":1,"minecraft:stone_axe":2,"minecraft:cooked_mutton":5,"minecraft:air":0},"minecraft:picked_up":{"minecraft:crafting_table":3,"minecraft:torch":1,"minecraft:porkchop":12,"minecraft:oak_log":8,"minecraft:dirt":5,"minecraft:rotten_flesh":4,"minecraft:wheat_seeds":2,"minecraft:oak_sapling":1,"minecraft:sugar_cane":15,"minecraft:mutton":5,"minecraft:coal":28,"minecraft:white_wool":3,"minecraft:cobblestone":53,"minecraft:furnace":1},"minecraft:mined":{"minecraft:furnace":1,"minecraft:birch_leaves":1,"minecraft:crafting_table":3,"minecraft:short_grass":15,"minecraft:oak_log":8,"minecraft:grass_block":2,"minecraft:coal_ore":28,"minecraft:vine":1,"minecraft:dirt":3,"minecraft:cobblestone":2,"minecraft:stone":51,"minecraft:sugar_cane":6,"minecraft:wall_torch":1,"minecraft:oak_leaves":16}},"DataVersion":3953}