{"stats":{"minecraft:killed":{"minecraft:sheep":1,"minecraft:cow":4},"minecraft:used":{"minecraft:wooden_axe":27,"minecraft:melon_slice":5,"minecraft:wooden_pickaxe":15,"minecraft:wooden_sword":10,"minecraft:dirt":1,"minecraft:mutton":2,"minecraft:crafting_table":2},"minecraft:mined":{"minecraft:crafting_table":2,"minecraft:short_grass":1,"minecraft:grass_block":1,"minecraft:oak_log":22,"minecraft:melon":2,"minecraft:stone":15,"minecraft:oak_leaves":3,"minecraft:fern":1},"minecraft:picked_up":{"minecraft:crafting_table":2,"minecraft:leather":5,"minecraft:oak_log":22,"minecraft:dirt":1,"minecraft:wheat_seeds":1,"minecraft:beef":8,"minecraft:melon_slice":14,"minecraft:mutton":2,"minecraft:white_wool":1,"minecraft:cobblestone":15},"minecraft:custom":{"minecraft:time_since_rest":9468,"minecraft:sprint_one_cm":31411,"minecraft:damage_taken":50,"minecraft:walk_one_cm":24054,"minecraft:mob_kills":5,"minecraft:damage_dealt":480,"minecraft:interact_with_crafting_table":2,"minecraft:swim_one_cm":3992,"minecraft:fly_one_cm":35289,"minecraft:crouch_one_cm":268,"minecraft:play_time":9468,"minecraft:sneak_time":73,"minecraft:walk_under_water_one_cm":117,"minecraft:jump":163,"minecraft:leave_game":1,"minecraft:time_since_death":9468,"minecraft:walk_on_water_one_cm":2614,"minecraft:total_world_time":9468,"minecraft:fall_one_cm":6515},"minecraft:crafted":{"minecraft:wooden_sword":1,"minecraft:oak_planks":88,"minecraft:crafting_table":1,"minecraft:stick":28,"minecraft:wooden_pickaxe":1,"minecraft:wooden_axe":1}},"DataVersion":3953}