{"stats":{"minecraft:used":{"minecraft:oak_log":3,"minecraft:birch_planks":2},"minecraft:custom":{"minecraft:jump":57,"minecraft:time_since_rest":140,"minecraft:leave_game":1,"minecraft:deaths":1,"minecraft:sprint_one_cm":12191,"minecraft:play_time":2662,"minecraft:damage_taken":430,"minecraft:time_since_death":114,"minecraft:walk_one_cm":4109,"minecraft:total_world_time":2662,"minecraft:fall_one_cm":5652,"minecraft:fly_one_cm":8705},"minecraft:picked_up":{"minecraft:oak_log":3,"minecraft:birch_planks":2},"minecraft:mined":{"minecraft:birch_planks":2,"minecraft:oak_log":3}},"DataVersion":3953}