{"stats":{"minecraft:used":{"minecraft:white_bed":1,"minecraft:dirt":1},"minecraft:killed_by":{"minecraft:skeleton":1,"minecraft:player":4,"minecraft:creeper":1},"minecraft:custom":{"minecraft:jump":79,"minecraft:time_since_rest":501,"minecraft:crouch_one_cm":48,"minecraft:deaths":7,"minecraft:sprint_one_cm":7751,"minecraft:play_time":12775,"minecraft:damage_taken":2358,"minecraft:time_since_death":477,"minecraft:walk_one_cm":7055,"minecraft:sleep_in_bed":1,"minecraft:sneak_time":9,"minecraft:total_world_time":12775,"minecraft:fall_one_cm":13048,"minecraft:fly_one_cm":15886,"minecraft:leave_game":1},"minecraft:picked_up":{"minecraft:white_bed":2,"minecraft:dirt":1},"minecraft:mined":{"minecraft:white_bed":1,"minecraft:grass_block":1}},"DataVersion":3953}