{"stats":{"minecraft:custom":{"minecraft:jump":31,"minecraft:time_since_rest":2043,"minecraft:leave_game":1,"minecraft:sprint_one_cm":3453,"minecraft:walk_one_cm":5588,"minecraft:play_time":2272,"minecraft:damage_taken":1620,"minecraft:time_since_death":2003,"minecraft:deaths":1,"minecraft:total_world_time":2272,"minecraft:drop":13,"minecraft:fall_one_cm":17508,"minecraft:fly_one_cm":6741},"minecraft:dropped":{"minecraft:dirt":1,"minecraft:sugar_cane":12},"minecraft:picked_up":{"minecraft:sugar_cane":12,"minecraft:dirt":1},"minecraft:mined":{"minecraft:short_grass":1,"minecraft:grass_block":1,"minecraft:sugar_cane":4}},"DataVersion":3953}