{"stats":{"minecraft:killed_by":{"minecraft:skeleton":1,"minecraft:creeper":1,"minecraft:zombie":1},"minecraft:killed":{"minecraft:pig":4,"minecraft:spider":1,"minecraft:creeper":1,"minecraft:horse":1,"minecraft:skeleton":1,"minecraft:sheep":1,"minecraft:zombie":4,"minecraft:cow":2},"minecraft:mined":{"minecraft:crafting_table":1,"minecraft:short_grass":13,"minecraft:grass_block":13,"minecraft:wall_torch":1,"minecraft:birch_planks":1,"minecraft:birch_log":2,"minecraft:oak_log":9,"minecraft:vine":1,"minecraft:dirt":12,"minecraft:oak_leaves":5},"minecraft:custom":{"minecraft:mob_kills":16,"minecraft:interact_with_crafting_table":1,"minecraft:leave_game":89,"minecraft:time_since_death":54337,"minecraft:climb_one_cm":264,"minecraft:time_since_rest":54381,"minecraft:sprint_one_cm":668379,"minecraft:damage_taken":1214,"minecraft:walk_one_cm":683277,"minecraft:trigger_trapped_chest":3,"minecraft:drop":20,"minecraft:damage_dealt":7624,"minecraft:fly_one_cm":2243670,"minecraft:player_kills":22,"minecraft:open_chest":8,"minecraft:crouch_one_cm":22789,"minecraft:play_time":861511,"minecraft:deaths":17,"minecraft:sneak_time":11064,"minecraft:walk_under_water_one_cm":4117,"minecraft:jump":4022,"minecraft:walk_on_water_one_cm":76614,"minecraft:total_world_time":861511,"minecraft:fall_one_cm":35565},"minecraft:used":{"minecraft:oak_fence":34,"minecraft:netherite_sword":84,"minecraft:orange_concrete":15,"minecraft:birch_planks":298,"minecraft:armor_stand":1,"minecraft:oak_planks":45,"minecraft:dark_oak_sign":2,"minecraft:prismarine":9,"minecraft:lime_wool":1,"minecraft:poppy":1,"minecraft:oak_sign":29,"minecraft:chest":2,"minecraft:brown_concrete":78,"minecraft:iron_sword":11,"minecraft:zombie_spawn_egg":2,"minecraft:diamond_axe":6,"minecraft:glow_ink_sac":10,"minecraft:glow_item_frame":8,"minecraft:torch":36,"minecraft:dirt":79,"minecraft:birch_pressure_plate":1,"minecraft:terracotta":32,"minecraft:yellow_terracotta":81,"minecraft:white_carpet":27,"minecraft:oak_slab":88,"minecraft:crafting_table":1,"minecraft:light_blue_wool":60,"minecraft:campfire":4,"minecraft:oak_wood":3,"minecraft:ochre_froglight":33,"minecraft:glass":5,"minecraft:creeper_spawn_egg":13,"minecraft:oak_log":86,"minecraft:wooden_axe":1,"minecraft:black_terracotta":49,"minecraft:gray_terracotta":6,"minecraft:brown_terracotta":2,"minecraft:sea_lantern":8,"minecraft:bricks":67,"minecraft:firework_rocket":87,"minecraft:black_stained_glass_pane":18,"minecraft:command_block":19,"minecraft:spruce_wood":57,"minecraft:grass_block":27,"minecraft:oak_stairs":70,"minecraft:verdant_froglight":15,"minecraft:brown_wool":109,"minecraft:netherite_axe":3,"minecraft:spruce_pressure_plate":1,"minecraft:red_terracotta":1,"minecraft:oak_pressure_plate":2,"minecraft:light_gray_wool":31,"minecraft:glowstone":2,"minecraft:magma_block":9,"minecraft:cobblestone":3,"minecraft:trapped_chest":2,"minecraft:pearlescent_froglight":23,"minecraft:gray_wool":56,"minecraft:orange_terracotta":22,"minecraft:birch_stairs":4},"minecraft:crafted":{"minecraft:oak_planks":28,"minecraft:crafting_table":1,"minecraft:wooden_pickaxe":1,"minecraft:birch_planks":8,"minecraft:stick":4},"minecraft:picked_up":{"minecraft:wooden_axe":2,"minecraft:birch_log":2,"minecraft:charcoal":2,"minecraft:crafting_table":2,"minecraft:leather_chestplate":1,"minecraft:cooked_beef":64,"minecraft:leather_leggings":1,"minecraft:leather":3,"minecraft:wooden_pickaxe":1,"minecraft:oak_stairs":2,"minecraft:birch_planks":6,"minecraft:oak_log":12,"minecraft:shield":1,"minecraft:dirt":84,"minecraft:iron_axe":1,"minecraft:leather_boots":1,"minecraft:white_carpet":2,"minecraft:glass":2,"minecraft:bone":2,"minecraft:wheat_seeds":4,"minecraft:spruce_wood":2,"minecraft:beef":5,"minecraft:iron_ingot":2,"minecraft:stone_pickaxe":1,"minecraft:poppy":1,"minecraft:sugar_cane":11,"minecraft:birch_sapling":1,"minecraft:oak_planks":5,"minecraft:furnace":1,"minecraft:stick":2,"minecraft:torch":17,"minecraft:oak_pressure_plate":4,"minecraft:porkchop":13,"minecraft:birch_stairs":2,"minecraft:leather_helmet":1,"minecraft:rotten_flesh":7,"minecraft:arrow":3,"minecraft:command_block":2,"minecraft:stone_axe":2,"minecraft:bread":1,"minecraft:oak_sapling":1,"minecraft:blaze_rod":1,"minecraft:mutton":1,"minecraft:coal":27,"minecraft:white_wool":4,"minecraft:cobblestone":19},"minecraft:dropped":{"minecraft:bread":1,"minecraft:stone_axe":1,"minecraft:birch_planks":1,"minecraft:wheat_seeds":1,"minecraft:glow_ink_sac":1,"minecraft:blaze_rod":1,"minecraft:netherite_sword":1,"minecraft:enchanted_golden_apple":1,"minecraft:white_bed":2,"minecraft:leather_helmet":2,"minecraft:leather_chestplate":2,"minecraft:leather_boots":2,"minecraft:spruce_wood":1,"minecraft:leather_leggings":2,"minecraft:stone_pickaxe":1}},"DataVersion":3953}