{"stats":{"minecraft:used":{"minecraft:oak_fence":34,"minecraft:netherite_sword":55,"minecraft:birch_planks":294,"minecraft:armor_stand":1,"minecraft:oak_planks":45,"minecraft:prismarine":2,"minecraft:lime_wool":1,"minecraft:poppy":1,"minecraft:oak_sign":1,"minecraft:chest":1,"minecraft:diamond_axe":6,"minecraft:torch":33,"minecraft:dirt":75,"minecraft:birch_pressure_plate":1,"minecraft:white_carpet":27,"minecraft:oak_slab":88,"minecraft:crafting_table":1,"minecraft:light_blue_wool":60,"minecraft:campfire":4,"minecraft:oak_wood":2,"minecraft:ochre_froglight":12,"minecraft:oak_log":85,"minecraft:glass":5,"minecraft:gray_terracotta":6,"minecraft:sea_lantern":8,"minecraft:firework_rocket":87,"minecraft:black_stained_glass_pane":18,"minecraft:command_block":19,"minecraft:spruce_wood":56,"minecraft:grass_block":27,"minecraft:oak_stairs":70,"minecraft:brown_wool":109,"minecraft:netherite_axe":3,"minecraft:spruce_pressure_plate":1,"minecraft:oak_pressure_plate":2,"minecraft:light_gray_wool":31,"minecraft:glowstone":2,"minecraft:magma_block":9,"minecraft:cobblestone":3,"minecraft:trapped_chest":2,"minecraft:gray_wool":56,"minecraft:birch_stairs":4},"minecraft:killed_by":{"minecraft:skeleton":1,"minecraft:creeper":1,"minecraft:zombie":1},"minecraft:custom":{"minecraft:mob_kills":10,"minecraft:interact_with_crafting_table":1,"minecraft:leave_game":58,"minecraft:time_since_death":45135,"minecraft:climb_one_cm":264,"minecraft:time_since_rest":45164,"minecraft:sprint_one_cm":341554,"minecraft:damage_taken":1214,"minecraft:walk_one_cm":434130,"minecraft:trigger_trapped_chest":3,"minecraft:drop":15,"minecraft:damage_dealt":3557,"minecraft:fly_one_cm":1721953,"minecraft:player_kills":9,"minecraft:open_chest":5,"minecraft:crouch_one_cm":16882,"minecraft:play_time":489779,"minecraft:deaths":15,"minecraft:sneak_time":8767,"minecraft:walk_under_water_one_cm":4117,"minecraft:jump":2688,"minecraft:walk_on_water_one_cm":76614,"minecraft:total_world_time":489779,"minecraft:fall_one_cm":35565},"minecraft:mined":{"minecraft:crafting_table":1,"minecraft:short_grass":13,"minecraft:grass_block":13,"minecraft:wall_torch":1,"minecraft:birch_planks":1,"minecraft:birch_log":2,"minecraft:oak_log":9,"minecraft:vine":1,"minecraft:dirt":12,"minecraft:oak_leaves":5},"minecraft:killed":{"minecraft:pig":4,"minecraft:horse":1,"minecraft:skeleton":1,"minecraft:sheep":1,"minecraft:zombie":2,"minecraft:cow":1},"minecraft:picked_up":{"minecraft:wooden_axe":2,"minecraft:birch_log":2,"minecraft:charcoal":2,"minecraft:crafting_table":2,"minecraft:leather":2,"minecraft:wooden_pickaxe":1,"minecraft:oak_stairs":2,"minecraft:birch_planks":5,"minecraft:oak_log":12,"minecraft:dirt":84,"minecraft:white_carpet":2,"minecraft:glass":2,"minecraft:bone":2,"minecraft:wheat_seeds":4,"minecraft:beef":3,"minecraft:spruce_wood":2,"minecraft:iron_ingot":2,"minecraft:stone_pickaxe":1,"minecraft:poppy":1,"minecraft:sugar_cane":11,"minecraft:birch_sapling":1,"minecraft:oak_planks":5,"minecraft:furnace":1,"minecraft:stick":2,"minecraft:torch":16,"minecraft:oak_pressure_plate":4,"minecraft:porkchop":13,"minecraft:birch_stairs":2,"minecraft:rotten_flesh":4,"minecraft:command_block":2,"minecraft:arrow":3,"minecraft:stone_axe":2,"minecraft:bread":1,"minecraft:oak_sapling":1,"minecraft:mutton":1,"minecraft:coal":27,"minecraft:white_wool":4,"minecraft:cobblestone":19},"minecraft:crafted":{"minecraft:oak_planks":28,"minecraft:crafting_table":1,"minecraft:wooden_pickaxe":1,"minecraft:birch_planks":8,"minecraft:stick":4},"minecraft:dropped":{"minecraft:bread":1,"minecraft:stone_axe":1,"minecraft:wheat_seeds":1,"minecraft:white_bed":2,"minecraft:leather_helmet":2,"minecraft:leather_chestplate":2,"minecraft:leather_boots":2,"minecraft:spruce_wood":1,"minecraft:leather_leggings":2,"minecraft:stone_pickaxe":1}},"DataVersion":3953}