{"stats":{"minecraft:used":{"minecraft:dirt":1},"minecraft:custom":{"minecraft:jump":49,"minecraft:time_since_rest":2183,"minecraft:damage_taken":30,"minecraft:leave_game":2,"minecraft:play_time":2183,"minecraft:crouch_one_cm":728,"minecraft:sprint_one_cm":5838,"minecraft:time_since_death":2183,"minecraft:walk_one_cm":4090,"minecraft:total_world_time":2183,"minecraft:sneak_time":175,"minecraft:fly_one_cm":13035,"minecraft:fall_one_cm":2032},"minecraft:picked_up":{"minecraft:spruce_log":3,"minecraft:dirt":4},"minecraft:crafted":{"minecraft:spruce_planks":4},"minecraft:mined":{"minecraft:grass_block":2,"minecraft:spruce_leaves":1,"minecraft:spruce_log":3,"minecraft:dirt":2,"minecraft:fern":1}},"DataVersion":3953}