{
  "minecraft:recipes/misc/sugar_from_sugar_cane": {
    "criteria": {
      "has_sugar_cane": "2024-10-20 02:26:13 +0000"
    },
    "done": true
  },
  "minecraft:recipes/decorations/crafting_table": {
    "criteria": {
      "unlock_right_away": "2024-10-20 02:24:44 +0000"
    },
    "done": true
  },
  "minecraft:adventure/adventuring_time": {
    "criteria": {
      "minecraft:forest": "2024-10-20 02:24:45 +0000",
      "minecraft:river": "2024-10-20 02:26:17 +0000",
      "minecraft:savanna": "2024-10-20 02:26:25 +0000",
      "minecraft:plains": "2024-10-20 02:25:56 +0000"
    },
    "done": false
  },
  "minecraft:recipes/misc/paper": {
    "criteria": {
      "has_reeds": "2024-10-20 02:26:13 +0000"
    },
    "done": true
  },
  "DataVersion": 3953
}